language_en,language,notes,is_extinct
'Phags-pa,ê¡–ê¡ê¡‚ê¡› ê¡Œ,"Formerly Used in: the People's Republic of China , the Republic of India , Mongolia , and Greater Tibet",TRUE
Aari,Aari,Spoken in: Ethiopia,FALSE
AasÃ¡x,AasÃ¡,Spoken in: Tanzania,TRUE
Abaza,AĞ±Ğ°Ğ·Ğ° Ğ±Ñ‹Ğ·ÑˆĞ²Ğ°,"Official language in: Karachay-Cherkessia, Russia",FALSE
Abellen,Ayta Abellen,"Spoken in: Tarlac, Philippines",FALSE
Abenaki,"AlnÃ´ba, WÃ´banakiÃ´dwawÃ´gan",Formerly spoken by: the American/Canadian Abenaki Tribe,TRUE
Abkhaz,"AÒ§ÑÑƒĞ° Ğ±Ñ‹Ğ·ÑˆÓ™Ğ°, AÒ§ÑÑˆÓ™Ğ°","Official language in: Abkhazia and the Autonomous Republic of Abkhazia, Georgia",FALSE
Abkhaz,AÒ§ÑÑˆÓ™Ğ°,"Used in: the Republic of Abkhazia and the Autonomous Republic of Abkhazia, Georgia",FALSE
Abui,Abui,Spoken in: Indonesia,FALSE
Abure,É”bule É”yÊ‹É›,Spoken in: CÃ´te dâ€™Ivoire,FALSE
Acehnese,Aceh or Bahsa AcÃ¨h,Spoken in: Indonesia,FALSE
Achang,"MÃ¶nghsa, Å‹aË¨Ë©ÊˆÊ‚haÅ‹Ë¨Ë©",Spoken in: China and Myanmar,FALSE
Achi,achi',Recognised Minority Language in: Guatemala,FALSE
Achumawi,Achomawi or AjÃºmmÃ¡Ã¡wÃ­,Formerly spoken in: California,TRUE
Adai,TenÃ¡nat HadÃ©yas,"Formerly spoken in: Louisiana, United States",TRUE
Adangbe,Adangbe,Spoken in: Togo,FALSE
Adangme,AdangbÉ›,Official language in: Ghana,FALSE
Adele,Gidire,Spoken in: Ghana and Togo,FALSE
Adioukrou,mÉ”jukru,Spoken in: CÃ´te dâ€™Ivoire,FALSE
Adnyamathanha,Yura Ngawarla,Spoken in: Australia,FALSE
Adyghe,ĞĞ´Ñ‹Ğ³Ğ°Ğ±Ğ·Ñ,"Western Circassian language. Official language in: Adygea, Russia; Spoken also in: Turkey, Israel, Syria, Iraq, Germany, United States, Netherlands etc.",FALSE
Afade,afaÃ«,Spoken in: Cameroon and Nigeria,FALSE
Afar,QafÃ¡r af,National Language in: Eritrea,FALSE
Afrihili,El-Afrihili,Proposed lingua franca of Africa,FALSE
Afrikaans,Afrikaans,Official language in: South Africa; Recognised Minority Language in: Botswana and Namibia,FALSE
Aghem,aghÃ­m,Spoken in: Cameroon,FALSE
Aghul,Ğ°Ğ³ÑŠÑƒĞ» Ñ‡Ó€Ğ°Ğ»,"Official language of: Dagestan, Russia",FALSE
Aguacateco,awakateko,Spoken in: Guatemala,FALSE
Ahtna,Atnakenaege,"Official language of: Alaska, United States",FALSE
Ainu,"ã‚¢ã‚¤ãƒŒ ã‚¤ã‚¿ã‚¯, Aynu Itak",Recognised Minority Language in: Japan,FALSE
AjiÃ«,"Aâ€™jie, AjiÃ«, Houailou, Wai, Wailu","Official language in: HouaÃ¯lou, New Caledonia",FALSE
Akan,"Akan, Fante, Twi",Official language in: Ghanaian/Ivoirian ethnic region of Akanland,FALSE
Akkadian,akkadÃ» or ğ’€ğ’…—ğ’ºğ’Œ‘,Formerly an Official language in: Akkad or central Mesopotamia which is modern-day Iraq; Later it became a lingua franca in the Middle East and Egypt,TRUE
Akkala SÃ¡mi,Ã¤h'k'el'sÃ¤m'la,Formerly spoken in: Russia,FALSE
Aklanon,"Akeanon, Binisaya nga Akeanon or Inakeanon",Official Regional Language in: Philippines,FALSE
Akum,aakuem,Spoken in: Cameroon and Nigeria,FALSE
Alabama,Albaamaha,"Spoken in: Texas, United States; Now extinct in: Oklahoma, United States",FALSE
Albanian,"Shqip, Shqiptar","Official language in: Albania and Kosovo; Recognised Minority Language in: Italy, Montenegro, North Macedonia, Romania, and Serbia",FALSE
Albanian (Gheg),gegnisht,Spoken in: Albania,FALSE
Albanian (Tosk),toskÃ«risht,Spoken in: Albania,FALSE
Aleut,"Unangam Tunuu, Ğ£Ğ½Ã¡Ò¥Ğ°Ğ¼ Ğ¢ÑƒĞ½Ã½","Official language in: Alaska, United States; Spoken in: Kamchatka Krai, Russia",FALSE
Algerian Saharan Arabic,dÅ·azÄri' or Ø¬Ø²Ø§Ø¦Ø±ÙŠ,"Spoken in: Algeria, Libya, Mali, Mauritania, Morocco, Niger, and Western Sahara",FALSE
Algonquin,áŠá“‚á”‘á“ˆá¯á’§áá“ or anicinÃ¢bemowin,"Spoken in: Quebec, Canada",FALSE
Altai,ĞĞ»Ñ‚Ğ°Ğ¹ Ñ‚Ğ¸Ğ»Ğ¸,"Spoken in: Altai Republic, Russia",FALSE
Alyutor,nÉ™mÉ™lÊ”u,"Spoken in: Chukotka Autonomous Okrug and Kamchatka Krai, Russia",FALSE
Amdang,SÃ¬mÃ­ AmdangtÃ­,"Spoken in: the Wadi Fira Region, Chad",FALSE
Amharic,áŠ£áˆ›áˆ­áŠ›,Official language in: Ethiopia,FALSE
Amo,Timap,Spoken in: Nigeria,FALSE
Amoy,å»ˆé–€è©± or å¦é—¨è¯,Spoken in: the southern area of the Chinese province of Fujian,FALSE
Ancient Egyptian Language,ğ“‚‹ğ“ºğ“ˆ– ğ“†ğ“…“ğ“ğ“Š–,Formerly spoken in: Ancient Egypt,TRUE
Ancient Greek,á¼™Î»Î»Î·Î½Î¹ÎºÎ®,Formerly spoken in: much of the Mediterranean Sea (until 1453),TRUE
Andalusian Arabic,Ø¹Ø±Ø¨ÙŠØ© Ø£Ù†Ø¯Ù„Ø³ÙŠØ©,Formerly spoken in: Al-Andalus (modern-day Spain and Portugal),TRUE
Anfillo,Mao,Spoken in: Ethiopia,FALSE
Angika,à¤…à¤‚à¤—à¤¿à¤•à¤¾,"Official language in: Jharkhand, India; Spoken in: Nepal",FALSE
Anglo-Saxon,áš áš¢áš¦áš©áš±áš³,Formerly Used in: Anglo-Saxon England,TRUE
Angloromani,Romanichal,Spoken in: the United Kingdom,FALSE
Apache,NdÃ©Ã©,Spoken in: Southwestern United States,FALSE
Apsaalooke,Apsaalooke,"Spoken in: Great Plains, United States",FALSE
Arabela,Tapweyokwaka,Spoken in: Peru,FALSE
Arabic,Ø§Ù„Ø¹Ø±Ø¨ÙŠØ©,Official language in: 27 countries and 4 international organizations,FALSE
Aragonese,l'AragonÃ©s,"Official language in: Aragon, Spain",FALSE
Aramaic,ÜÜªÜ¡ÜÜ,"Spoken in: Iran, Iraq, Israel, Jordan, Lebanon, Palestine, Syria, and Turkey",FALSE
Arapaho,Hinono'eitiit,"Spoken by: the Arapaho people, United States",FALSE
ArbÃ«reshÃ« Albanian,ArbÃ«risht,Spoken in: Italy,FALSE
Archi,Ğ°Ñ€ÑˆĞ°Ñ‚Ñ‚ĞµĞ½,"Spoken in: Dagestan, Russia",FALSE
Arikara,SÃ¡hniÅ¡,"Spoken in: North Dakota, United States",FALSE
Arin,bbËˆirk,Formerly spoken in: Russia,TRUE
Armenian,Õ€Õ¡ÕµÕ¥Ö€Õ¥Õ¶,"Official language in: Armenia and Artsakh; Recognised Minority Language in: Cyprus, Poland, Romania, Samtskhe-Javakheti ( Georgia), Hungary, Iraq, Lebanon, Turkey, Ukraine, and California ( United States)",FALSE
Armenian (Eastern),Ô±Ö€Ö‡Õ¥Õ¬Õ¡Õ°Õ¡ÕµÕ¥Ö€Õ¥Õ¶,Spoken in: Armenia,FALSE
Armenian (Western),Ô±Ö€Õ¥Ö‚Õ´Õ¿Õ¡Õ°Õ¡ÕµÕ¥Ö€Õ§Õ¶,Spoken by: the Armenian Diaspora,FALSE
Armenian Alphabet,Õ€Õ¡ÕµÕ¯Õ¡Õ¯Õ¡Õ¶ Ô±ÕµÕ¢Õ¸Ö‚Õ¢Õ¥Õ¶,"Used in: Armenia , the Republic of Cyprus , the Islamic Republic of Iran , Artsakh , the Republic of Poland , Romania , and the United States",FALSE
Aromanian,Aromanian,"Recognised Minority Language in: Macedonia, Albania, Greece and Serbia",FALSE
Arpitan,arpetan or francoprovenÃ§Ã¢l,Spoken in: France and Switzerland; Recognised Minority Language in: Italy,FALSE
Arrernte,Arrernte Angkentye,"Spoken in: Northern Territory, Australia",FALSE
Arvanitika,arbÃ«risht or Î±ÏbÎµÌ°ÏÎ¯ÏƒÌˆÏ„,Spoken in: Greece,FALSE
Assamese,à¦…à¦¸à¦®à§€à¦¯à¦¼à¦¾,"Spoken in: Bhutan, Bangladesh, and India",FALSE
Assiniboine,NakhÃ³da,Spoken in: Canada and the United States,FALSE
Asturian,Asturianu,"Spoken in: Asturias, Spain",FALSE
Atikamekw,NÄ“hinawÄ“win,"Spoken in: Quebec, Canada",FALSE
Auslan,Sign Language,Official language in: Australia,FALSE
Avar,ĞœĞ°Ğ³IĞ°Ñ€ÑƒĞ» ĞœĞ°Ñ†I,"Spoken in: Azerbaijan, Georgia, Kazakhstan, Turkey, and Dagestan ( Russia)",FALSE
Avestan,ğ¬†ğ¬¬ğ¬ˆğ¬¯ğ¬™ğ¬†ğ¬¥,Spoken on: the eastern Iranian Plateau; Spoken on: the Eastern Iranian Plateau,FALSE
Awadhi,à¤…à¤µà¤§à¥€,Spoken in: India,FALSE
Aweer,Boni,Spoken in: Kenya,FALSE
Awijilah,"Tawjilit, Ø·Ø§ÙˆØ¬ÙŠÙ„ÙŠØª or âµŸâ´°âµ¡âµŠâµ‰âµâµ‰âµœ",Spoken in: Libya,FALSE
Ayapaneco,Ayapaneco,"Spoken in: Tabasco, Mexico",FALSE
Aymara,Aymar Aru,"Spoken by: Aymara people in Bolivia, Chile, and Peru",FALSE
Ã„ynu,Ø¦Û•ÙŠÙ†Û‡,"Spoken in: the Xinjiang Uyghur Autonomous Region, China",FALSE
Azerbaijani,"AzÉ™rbaycanca, Ø¢Ø°Ø±Ø¨Ø§ÛŒØ¬Ø§Ù† Ø¯ÛŒÙ„ÛŒ","Official language in: Azerbaijan and Dagestan, Russia; Spoken in: Iran, Turkey and Georgia",FALSE
Azoyu Me'phaa,meÌ±'phaÌ±aÌ± tsÃ­ndÃ­Ã­,"Spoken in: Guerrero, Mexico",FALSE
Babine,"Witsuwitâ€™en, á—”á™£á—”á—¥á£",Spoken in: British Columbia in Canada,FALSE
Baga,Barka,Formerly spoken in: the Republic of Guinea,TRUE
Bai,ç™½è¯­,"Spoken in: the Yunnan Province, People's Republic of China",FALSE
Baki,Baki,Spoken in: Vanuatu,FALSE
Balinese,á¬©á¬²á¬©á¬®á¬¶,"Spoken in: Bali , Republic of Indonesia",FALSE
Balti,"à½¦à¾¦à½£à¼‹à½à½²à½ à½²à¼‹à½¦à¾à½‘à¼‹, Ø¨Ù„ØªÛŒ","Spoken in: Baltistan, Azad Jammu and Kashmir, Islamic Republic of Pakistan and Ladakh, Jammu and Kashmir, Republic of India",FALSE
Bambara,Bamanankan,Spoken in: the Republic of Mali,FALSE
Bantu,Narrow Bantu,Formerly spoken in: Subsaharan Africa,TRUE
Basa-Gumna,"Basa-Kaduna, Basa Kuta","Formerly spoken in: Chanchaga, Niger State, Federal Republic of Nigeria",TRUE
Basahan,Guhit,"Used in: Bicol Region, Philippines",TRUE
Bashkir,"Ğ±Ğ°ÑˆÒ¡Ğ¾Ñ€Ñ‚ Ğ¢ĞµĞ»Ğµ, BaÅŸqort Tele","Official language in: the Republic of Bashkortostan, Russian Federation and the Republic of Kazakhstan",FALSE
Basque,Euskara,"Official language in: Basque Country and Navarre , Kingdom of Spain; Spoken in the French Basque Country, Atlantic Pyrenees Republic of France , but with no legal status.",FALSE
Bassa,É“asaÃ¡,Spoken by: Liberian/Sierra Leonean Bassa People,FALSE
Batak,,"Spoken by: the Batak people of the North Sumatra, Republic of Indonesia",FALSE
Baybayin,áœŠáœŒáœ”áœŠáœŒáœ’áœˆáœ”,Used in: the Philippines,TRUE
Belarusian,Ğ‘ĞµĞ»Ğ°Ñ€ÑƒÑĞºĞ°Ñ,Official language in: the Republic of Belarus; Recognised Minority Language in: Ukraine,FALSE
Bemba,iciBemba,Official language in: the Republic of Zambia,FALSE
Bengali,à¦¬à¦¾à¦‚à¦²à¦¾,Official language in: the People's Republic of Bangladesh and the Republic of India,FALSE
Berber,"TamaziÉ£t, Tamazight, or âµœâ´°âµâ´°âµ£âµ‰âµ–âµœ",Spoken in: Northern Africa,FALSE
Berta,Gebeto or Wetawit,"Spoken in: the Benishangul-Gumuz Region, Federal Democratic Republic of Ethiopia",FALSE
Betawi,"BasÃ¨ Betawi, Basa Betawi","Spoken in: Jakarta , Tangerang City, Tangerang Regency, South Tangerang City in Banten , Bekasi City, Bekasi Regency, Bogor Regency, Depok City in West Java , Indonesia",FALSE
Bezhta,Ğ±ĞµĞ¶ĞºÑŒĞ°Ğ»Ğ°Ñ Ğ¼Ğ¸Ñ†,"Spoken in: Dagestan , Russia",FALSE
Bhojpuri,"à¤­à¥‹à¤œà¤ªà¥à¤°à¥€, Ø¨Ú¾ÙˆØ¬Ù¾ÙˆØ±ÙŠ","Spoken in: Bihar, Republic of India ; Jharkhand, Republic of India ; Uttar Pradesh, Republic of India ; Co-operative Republic of Guyana ; Republic of Suriname ; and Republic of Trinidad and Tobago",FALSE
Big Nambas,V'É™nen Taut,"Spoken in: Malakula, Vanuatu",FALSE
Bijago,Kangaki-Kagbaaga-Kajoko Bidyogo,Spoken in: Guinea Bissau,FALSE
Bikol,Bikol,"Spoken in Bicol Region, Philippines",FALSE
Bislama,Bislama,Official language in: Republic of Vanuatu,FALSE
Blackfoot,"á‘¯á–¾á–¹, á“±á–½á§á–¿",Spoken by: the American/Canadian Blackfoot Tribe,FALSE
Bodo,à¤¬à¤¡à¤¼à¥‹,Spoken in: Republic of India and Democratic Republic of Nepal,FALSE
Bopomofo,ã„“ã„¨Ë‹ ã„§ã„£ ã„ˆã„¨ËŠ ã„ã„ Ë‹,Used in: the People's Republic of China,FALSE
Borama,ğ’„ğ’‹ğ’¦ğ’©ğ’—ğ’“,Used in: the Federal Republic of Somalia,FALSE
Bosnian,"Ğ‘Ğ¾ÑĞ°Ğ½ÑĞºĞ¸, Bosanski","Official language in: Bosnia and Herzegovina and Montenegro; Recognised Minority Language in: Republic of Albania , Kosovo , North Macedonia , and Republic of Serbia",FALSE
Braille,â ƒâ —â â Šâ ‡â ‘,"Braille is a tactile writing system, versions of which are used for many different languages and also used for the blind.",FALSE
Breton,Brezhoneg,"Spoken in: Brittany, French Republic",FALSE
Buginese,á¨…á¨” á¨•á¨˜á¨á¨—,"Spoken in: South Sulawesi, Republic of Indonesia",FALSE
Buhid,áŠá“á‘á’á‡,"Spoken in: Mindoro, Philippines",FALSE
Bulgarian,Ğ±ÑŠĞ»Ğ³Ğ°Ñ€ÑĞºĞ¸ ĞµĞ·Ğ¸Ğº,"Official language in: Republic of Bulgaria , and Hellenic Republic; Recognised Minority Language in: Romania , Republic of Serbia , and Ukraine",FALSE
Burmese,á€™á€¼á€”á€ºá€™á€¬á€…á€¬ or á€™á€¼á€”á€ºá€™á€¬á€…á€€á€¬á€¸,Official language in: Republic of the Union of Myanmar,FALSE
Buryat,Ğ±ÑƒÑ€ÑĞ°Ğ´ Ñ…ÑĞ»ÑĞ½,"Official language in: Buryatia , Russia",FALSE
Bussa,"Mossittaata, Mossiya, áˆáˆµáˆ²á‰µá‰·á‰³ or áˆáˆµáˆ²á‹«",Spoken in: Ethiopia,FALSE
Caddo,HasÃ­:nay,Spoken in: Oklahoma in the United States,FALSE
Cahuilla,Ivia,"Spoken in: the southern area of the State of California, United States",FALSE
Canichana,?,Spoken in: Bolivia,TRUE
Cantonese,å»£æ±è©±,"Official language in: Hong Kong Special Administration Region, People's Republic of China , Macau special Administrative Region, People's Republic of China",FALSE
Carian,ğŠ´ğŠ ğŠ¥ğŠ¹ğŠ ğŠµ,Formerly used in: Western Anatolia,FALSE
Carrier,á‘á‘Šá˜á—•á‘‹á—¸,"Spoken in: British Columbia, Canada",FALSE
Catalan,CatalÃ ,"Official language in: Principality of Andorra ; the Balearic Islands, Kingdom of Spain ; Catalonia, Kingdom of Spain ; and the Valencian Community, Kingdom of Spain; Recognised Minority Language in: PyrÃ©nÃ©es-Orientales, French Republic ; Sardinia, Italian Republic ; and AragÃ³n, Kingdom of Spain",FALSE
Catawba,Iyeye,Formerly spoken in: North Carolina in the United States,TRUE
Cayuga,GayogoÌ±hÃ³:nÇ«â€™,Spoken by: the Iroquois Cayuga people living in the Canadian First Nation reservation of the Six Nations of the Grand River First Nation,FALSE
Cebuano,"Bisaya, Sinugboanon","Spoken in: Central Visayas and Mindanao, Philippines",FALSE
Chalcatongo Mixtec,Chalcatongo,Spoken in: Oaxaca in Mexico,FALSE
Cham,ê¨Œê©Œ,Spoken in: Cambodia,FALSE
Chamorro,"Chamoru, Fino'Chamorro",Official language in: Guam and the Commonwealth of the Northern Mariana Islands,FALSE
Chechen,ĞĞ¾Ñ…Ñ‡Ğ¸Ğ¹Ğ½ MĞ¾Ñ‚Ñ‚,"Official language in: the Chechen Republic, Russian Federation and the Republic of Dagestan, Russian Federation",FALSE
Cherokee,"á£á³á©, á£á³á© á¦á¬á‚á¯áá—","Official language in: the Native American tribe of the Cherokee , in Oklahoma",FALSE
Chewa,Nyanja,Official language in: Republic of Malawi and Republic of Zambia,FALSE
Cheyenne,"TsÄ—hesenÄ—stsestotse, Tsisinstsistots","Spoken in: Montana, United States and Oklahoma, United States",FALSE
Chhattisgarhi,à¤›à¤¤à¥à¤¤à¥€à¤¸à¤—à¤¢à¤¼à¥€,Spoken in: Republic of India,FALSE
Chickasaw,Chikasha,"Spoken in: Oklahoma, United States",FALSE
Chinese,"æ±‰è¯­, æ¼¢èª, åè¯­, è¯èª, or ä¸­æ–‡","Official language in: the People's Republic of China ; Republic of Singapore ; Republic of China ; and the Wa State, Republic of the Union of Myanmar; Recognised Minority Language in: Malaysia , the Philippines , Nation of Brunei, the Abode of Peace , and the United States",FALSE
Chinese (Classical),".mw-parser-output .font-mong{font-family:""Noto Sans Mongolian"",""Menk Hawang Tig"",""Menk Qagan Tig"",""Menk Garqag Tig"",""Menk Har_a Tig"",""Menk Scnin Tig"",""Oyun Gurban Ulus Tig"",""Oyun Qagan Tig"",""Oyun Garqag Tig"",""Oyun Har_a Tig"",""Oyun Scnin Tig"",""Oyun Agula Tig"",""Mongolian Baiti"",""Mongolian Universal White"",""Mongol Usug"",""Mongolian White"",""MongolianScript"",""Code2000"",""Menksoft Qagan""}.mw-parser-output .font-mong-mnc,.mw-parser-output .font-mong:lang(mnc-Mong),.mw-parser-output .font-mong:lang(dta-Mong),.mw-parser-output .font-mong:lang(sjo-Mong){font-family:""Noto Sans Mongolian"",""Abkai Xanyan"",""Abkai Xanyan LA"",""Abkai Xanyan VT"",""Abkai Xanyan XX"",""Abkai Xanyan SC"",""Abkai Buleku"",""Daicing White"",""Mongolian Baiti"",""Mongolian Universal White""}å¤æ–‡ or æ–‡è¨€","Spoken in: the People's Republic of China , Japan , the Korean Peninsula , the Republic of China , and Socialist Republic of Vietnam",FALSE
Chipewyan,"á‘Œá“€á“²á’¢á•„á“€, Dene Suline, DÃ«ne SÅ³Å‚inÃ©",Spoken in: Canada,FALSE
Chittagonian,à¦šà¦¾à¦Ÿà¦—à¦¾à¦à¦‡à¦¯à¦¼à¦¾ à¦¬à§à¦²à¦¿,Spoken in: Bangladesh,FALSE
Chocangaca,à½à¾±à½¼à¼‹à½…à¼‹à½„à¼‹à½…à¼‹à½à¼‹,Spoken in: Bhutan,FALSE
Choctaw,"Chahta', Chahta Anumpa",Spoken in: The United States of America,FALSE
Chukchi,Ñ‡Ğ°ÑƒÑ‡Ñƒ,Spoken in: Russia in the Chukotka Autonomous Okrug,FALSE
Chulym,"ĞÑÑŒ Ñ‚Ğ¸Ğ»Ğ¸, Ñ‚Ğ°Ğ´Ğ°Ñ€ Ñ‚Ğ¸Ğ»Ğ¸","Spoken in: Krasnoyarsk Krai and Tomsk Oblast, Russia",FALSE
Chuvash,"Ğ§Ó‘Ğ²Ğ°ÑˆĞ»Ğ°, Ã‡ÄƒvaÅŸla","Official language in: the Chuvash Republic, Russian Federation",FALSE
Cimbrian,Zimbrisch,Spoken in: the Italian Republic,FALSE
Cocos Islands Malay,Basa Pulu Cocos,"Spoken in Cocos (Keeling) Islands , Australia and Malaysia",FALSE
Comanche,NÊ‰mÊ‰ TekwapÊ‰,"Spoken in: Oklahoma, United States",FALSE
Cook Islands MÄori,â€˜Airani,Official language in: Cook Islands,FALSE
Coptic,â²˜â²‰â²§â²¢â²‰â²™Ì€â²›â²­â²â²™â²“,The Coptic language is a Coptic liturgical language,FALSE
Cornish,"Kernewek, Kernowek","Recognised Minority Language in: Cornwall , the United Kingdom of Great Britain and Northern Ireland",FALSE
Corsican,Corsu,Recognised Minority Language in: the French Republic,FALSE
Cree,á“€á¦áƒá”­ááá£,"Official language in: the Northwest Territories, Canada; Crimean Tatar; Official language in: Crimea, Ukraine",FALSE
Croatian,Hrvatski,"Official language in: Bosnia and Herzegovina ; Republic of Croatia ; and Autonomous Province of Vojvodina, Republic of Serbia; Recognised Minority Language in: Burgenland, Republic of Austria ; Baranya County, Southern Transdanubia, Hungary ; Molise, Italian Republic ; Montenegro ; CaraÈ™ova, CaraÈ™-Severin County Romania ; and Lupac, CaraÈ™-Severin County, Romania",FALSE
CupeÃ±o,Kupangaxwicham Pe'memelki,"Formerly spoken in: the southern area of the State of California, United States",TRUE
Cypriot Arabic,Sanna,Recognised Minority Language in: Cyprus,FALSE
Czech,"ÄŒeskÃ½ Jazyk, ÄŒeÅ¡tina",Official language in: the Czech Republic,FALSE
Dair,Thaminyi or Ø·Ù‡Ø§Ù…ÙŠÙ†ÙŠÙŠ,Spoken in: Sudan,FALSE
Dakhini,Ø¯Ú©Ù†ÛŒ,Official language in: the Republic of India and the United Arab Emirates,FALSE
Dakota,DakÈŸÃ³tiyapi,Spoken in: Canada and the United States,FALSE
Dalecarlian,DalmÃ¥l,Spoken in: Kingdom of Sweden,FALSE
Danish,Dansk,"Official language in: Kingdom of Denmark and the Faroe Islands; Recognised Minority Language in: Federal Republic of Germany , Greenland , and Republic of Iceland",FALSE
Dargwa,Ğ”Ğ°Ñ€Ğ³Ğ°Ğ½ MĞµĞ·,"Official language in: the Republic of Dagestan, Russian Federation",FALSE
Dari,"ÙØ§Ø±Ø³ÛŒ, Ø¯Ø±ÛŒ, Ø¯Ø±ÙŠÙ„Ùˆ, or Yazdi",The Dari language is a Zoroastrian liturgical language,FALSE
Deseret,ğ”ğ¯ğ‘…ğ¨ğ‘‰ğ¯ğ»,The Deseret alphabet is a Mormon liturgical script,FALSE
Dhivehi,Ş‹Ş¨ŞˆŞ¬Ş€Ş¨,Official language in: the Republic of the Maldives,FALSE
Dolgan,"Ğ”ÑƒĞ»Ò•Ğ°Ğ½, DulÄŸan, ÒºĞ°ĞºĞ°, Haka","Spoken in: Krasnoyarsk Krai , Russia",FALSE
Domari,DÃ´marÃ®,"Spoken in: Middle East , North Africa and the Caucasus",FALSE
Drehu,"Dehu, Lifou, Lifu, Qene Drehu","Official language in: Lifou, New Caledonia",FALSE
Dungan,"å›æ—è¯­è¨€, XÑƒÑĞ¹Ğ·Ñ Ğ¹Ò¯ÑĞ½",Spoken by: the Central Asian Dungan people,FALSE
Durkha,È­à½¢à¼‹à½à¼‹,Spoken in: Bhutan,FALSE
Dutch,Nederlands,"Official language in: Aruba , Kingdom of Belgium , Country of CuraÃ§ao, , the Netherlands, , Sint Maarten, , and Republic of Suriname,",FALSE
Dutton World Speedwords,rapmotz,International Auxiliary Language,FALSE
Dzongkha,à½¢à¾«à½¼à½„à¼‹à½à¼‹,Official language in: Kingdom of Bhutan,FALSE
E,èª’,Spoken in: Guangxi in China,FALSE
Egyptian Arabic,Ø§Ù„Ù„ØºØ© Ø§Ù„Ù…ØµØ±ÙŠØ© Ø§Ù„Ø¹Ø§Ù…ÙŠØ©,Formerly spoken in: Lower Egypt,TRUE
English,English,Official language in: 54 countries and 27 non-sovereign entities,FALSE
Erzya,Ğ­Ñ€Ğ·ÑĞ½ÑŒ KĞµĞ»ÑŒ,"Official language in: the Republic of Mordovia, Russian Federation",FALSE
Esperanto,Esperanto,International Auxiliary Language,FALSE
Estonian,Eesti,Official language in: Republic of Estonia,FALSE
Even,ÑĞ²ÑĞ½ Ñ‚Ğ¾Ì„Ñ€ÑÌ„Ğ½Ğ½Ğ¸ or ÑĞ²ÑĞ´Ñ‹,Spoken in: Siberia,FALSE
Evenki,Ğ­Ğ²ÑĞ´Ñ‹Ì„ Ñ‚ÑƒÑ€ÑÌ„Ğ½,"Spoken in: the Chinese provinces of Heilongjiang and Inner Mongolia , the Mongolian aimag of the Selenge Province , and the Russian krai of Krasnoyarsk Krai",FALSE
Ewe,"ÃˆÊ‹e, ÃˆÊ‹egbe",Spoken by: the Beninois/Togolese Ewe people,FALSE
Extremaduran,EstremeÃ±u,Spoken in: Salamanca in Spain,FALSE
Eyak,dAXhunhyuuga',Formerly an Official language in: the American state of Alaska,TRUE
Fala,Fala,"Spoken in: Val de XÃ¡lima , Extremadura (Spain)",FALSE
Faroese,FÃ¸royskt,Official language in: the Faroe Islands; Recognised Minority Language in: Denmark,FALSE
Fiji Hindi,à¤«à¤¿à¤œà¥€ à¤¬à¤¾à¤¤ or Fiji Baat,Spoken in: Fiji,FALSE
Fijian,"Na vosa vaka-Viti, Vakaviti",Official language in Fiji,FALSE
Filipino,Wikang Filipino,Official language in: the Philippines,FALSE
Filipino Sign Language,Sign Language,Official language in: the Philippines,FALSE
Finnish,Suomi,Official language in: Finland and the Russian autonomous republic of Karelia ; recognised as a minority language in Sweden,FALSE
Fon,"Fon gbÃ¨, FÉ”ngbÃ¨",Spoken by: the Beninois/Nigerian Fon people,FALSE
French,FranÃ§ais,"Official language in: 38 countries, 14 dependant entities, and 119 international organisations",FALSE
Frisian (North),Noordfreesk,Official language in: the German archipelago of Heligoland and the German district of Nordfriesland,FALSE
Frisian (Saterland),Seeltersk,Spoken in: the German municipality of Saterland,FALSE
Frisian (West),Frysk,Official language in: the Dutch province of Friesland,FALSE
Friulian,Furlan,Spoken in: Italy,FALSE
Fula,"Fulfulde, Pulaar, Pular",Spoken in: Central Africa,FALSE
Fur,For,"Spoken in: the Republic of Chad and Darfur, Republic of the Sudan",FALSE
Fuzhou,å¹³è©± or ç¦å·è©±,Spoken in: East Asia,FALSE
Ga,GÃ£,Official language in: Ghana,FALSE
Gagauz,Gagauz,Official language in: in: Gagauzia in Moldova; Recognised Minority Language in: Ukraine,FALSE
Galician,Galego,Official language in: the Spanish autonomous community of Galicia,FALSE
Gallo,Galo,"Recognised Minority Language in: France mainly: Brittany , Normandy",FALSE
Gan,"èµ£è¯­, è´›èª","Spoken in: the Chinese provinces of Anhui, Fujian, Hubei, Hunan, and Jiangxi",FALSE
Garre,?,"Spoken in: Somalia , Ethiopia and Kenya",FALSE
Ge'ez,áŒá‹•á‹,"Spoken in: Eritrea , Ethiopia , and Israel",FALSE
Georgian,áƒ¥áƒáƒ áƒ—áƒ£áƒšáƒ˜,Official language in: Georgia,FALSE
German,Deutsch,"Official language in: Austria , the Belgian German-Speaking Community , Germany , Liechtenstein , Luxembourg , the Italian autonomous province of South Tyrol , and Switzerland; Recognised Minority Language in: the Brazilian city of Pomerode , the Czech Republic , Denmark , Hungary , the Italian autonomous province of Trentino , Kazakhstan , Namibia , Poland , Romania , Russia , the Slovak municipality of Krahule , and the Vatican City (Administrative and commanding language of the Swiss Guard)",FALSE
Gikuyu,GÄ©kÅ©yÅ©,Spoken in: the Kenyan Central Province,FALSE
Gilbertese,Taetae ni Kiribati,Official language in: Kiribati,FALSE
Glagolitic,"ĞšÑ·Ñ€Ñ—Ğ»Ğ»Ğ¾Ğ²Ğ¸Ñ†Ğ°, â°â±›â°“â°Šâ°â°â°‘â°‚â±„â°œâ°€",Formerly used by: the Middle Age Slavic people,TRUE
Godoberi,"Ğ“ÑŠĞ¸Ğ±Ğ´Ğ¸Ğ»Ó€Ğ¸ MĞ¸Ñ†Ñ†Ğ¸, Æ”ibdiÆ›i Micci",Spoken in: the southwest area of the Russian autonomous republic of Dagestan,FALSE
Gothic,ğŒ²ğŒ¿ğ„ğŒ¹ğƒğŒº,Formerly spoken in: pre-18th. Century Europe,TRUE
Greek,Î•Î»Î»Î·Î½Î¹ÎºÎ¬,"Official language in: Cyprus and Greece; Recognised Minority Language in: Albania , Armenia , Hungary Italy , Romania , Turkey , and Ukraine",FALSE
Greenlandic,Kalaallisut,Official language in: Greenland,FALSE
Grenadian French Creole,Patwa,Spoken in: Grenada,FALSE
GuaranÃ­,AvaÃ±e'áº½ or Javy ju,"Official language in: the Argentinian province of Corrientes , Bolivia , and Paraguay",FALSE
Gujarati,àª—à«àªœàª°àª¾àª¤à«€,"Official language in: the Indian union territories of Dadra and Nagar Haveli and Daman and Diu, and the Indian state of Gujarat",FALSE
Gumuz,Bega,"Spoken in: the Benishangul-Gumuz Region, Federal Democratic Republic of Ethiopia",FALSE
Gurung,à¤¤à¤®à¥ à¤•à¥à¤¯à¥€,Official language in: the Indian state of Sikkim,FALSE
Gwich'in,Gwich'in,Official language in: the Canadian federal territory of the Northwest Territories,FALSE
Haida,Xaat KÃ­l,Official language in: the Council of the Haida Nation and the US state of Alaska,FALSE
Hainanese,æµ·å—è©±,Spoken in: the Chinese province of Hainan,FALSE
Haitian Creole,KreyÃ²l Ayisyen,Official language in: Haiti,FALSE
Hakka,"å®¢å®¶è©±, å®¢å®¶è¯",Spoken by: the Hakka people,FALSE
HanunÃ³'o,áœ±áœ¨áœ³áœ¨áœ³áœ¢,"Used in: Mindoro, Philippines",FALSE
Harari,áˆƒáˆ«áˆª,Spoken in: the Ethiopian kilil of the Harari Region,FALSE
Haryanvi,à¤¹à¤°à¤¯à¤¾à¤£à¤µà¥€,Spoken in: Haryana in India,FALSE
Hausa,Ø­ÙÙˆÙ’Ø³Ù,Spoken by: the Hausa people,FALSE
Hawaiian,Ê»ÅŒlelo HawaiÊ»i,Official language in: the American state of Hawaii,FALSE
HazÄragÄ«,Ù‡Ø²Ø§Ø±Ú¯ÛŒ,"Spoken in: Afghanistan , Iran , and Pakistan",FALSE
Hebrew,".mw-parser-output .script-hebrew,.mw-parser-output .script-Hebr{font-family:""SBL Hebrew"",""SBL BibLit"",""Taamey Ashkenaz"",""Taamey Frank CLM"",""Frank Ruehl CLM"",""Ezra SIL"",""Ezra SIL SR"",""Keter Aram Tsova"",""Taamey David CLM"",""Keter YG"",""Shofar"",""David CLM"",""Hadasim CLM"",""Simple CLM"",""Nachlieli"",Cardo,Alef,""Noto Serif Hebrew"",""Noto Sans Hebrew"",""David Libre"",David,""Times New Roman"",Gisha,Arial,FreeSerif,FreeSans}×¢×‘×¨×™×ªâ€",Official language in: Israel; The Hebrew language is a Jewish liturgical language,FALSE
Herero,Otjiherero,Spoken in: Botswana and Namibia,FALSE
Hiligaynon,Ilonggo,Spoken in the provinces of Iloilo and in Negros Occidental in the Philippines,FALSE
Hill Mari,ĞœĞ°Ñ€Ñ‹ Ğ¹Ó¹Ğ»Ğ¼Ó¹,"Official language in: Mari El , Russia",FALSE
Himba,"Omuhimba, Simba",Spoken in: Gabon,FALSE
Hindi,à¤¹à¤¿à¤¨à¥à¤¦à¥€,Official language in: India,FALSE
Hindko,ÛÙ†Ø¯Ú©Ùˆ,Spoken in: Pakistan,FALSE
Hindustani,"ÛÙ†Ø¯ÙˆØ³ØªØ§Ù†ÛŒ, à¤¹à¤¿à¤¨à¥à¤¦à¥à¤¸à¥à¤¤à¤¾à¤¨à¥€",Spoken in: India and Pakistan,FALSE
Hinuq,Ğ³ÑŒĞ¸Ğ½ÑƒĞ·Ğ°Ñ Ğ¼ĞµÑ†,"Spoken in: Dagestan , Russia",FALSE
Hiri Motu,Hiri Motu,Official language in: Papua New Guinea,FALSE
Hmong,"lol Hmongb, lus Hmoob, lug Moob","Spoken in: China , French Guiana , Laos , Thailand , America , and Vietnam",FALSE
Hokkien,ç¦ä½¬è©±,"Spoken in: the southern area of the Chinese province of Fujian , Taiwan , and in Southeast Asia",FALSE
Hopi,HopilÃ vayi or HopÃ­lavayi,"Spoken in: the northeastern area of the State of Arizona, United States",FALSE
Hungarian,Magyar,"Official language in: Hungary; Recognised Minority Language in: Austria , Croatia , Romania , Serbia , Slovakia , Slovenia , and Ukraine",FALSE
Icelandic,Ãslenska,Official language in: Iceland,FALSE
Ido,Ido,International auxiliary language,FALSE
Igala,Igala,Spoken in: Nigeria,FALSE
Igbo,Asá»¥sá»¥ Igbo,Official language in: Nigeria; Recognised Minority Language in: Equatorial Guinea,FALSE
Ik,Icetot,Spoken in: the Republic of Uganda,FALSE
Ili Turki,"Ä°lÄ± turkeÅŸi, Ğ˜Ì‡Ğ»Ä± Ñ‚ÑƒÑ€ĞºĞµÑÌ§Ğ¸, ÙŠÌ‡Ù„ÙŠ ØªÛ‹Ø±ÙƒÛ•Ø³ÙŠ",Spoken in: China,FALSE
Ilocano,"Iloko, Pagsasao nga Iloko",Official language in: the Philippine province of La Union,FALSE
Indonesian,Bahasa Indonesia,Official language in: Indonesia,FALSE
Ingush,Ğ“Ó€Ğ°Ğ»Ğ³Ó€Ğ°Ğ¹ Ğ¼Ğ¾Ñ‚Ñ‚,Official language in: the Russian autonomous republic of Ingushetia,FALSE
Interlingua,Interlingua,International auxiliary language,FALSE
Interlingue (Occidental),Interlingue,International Auxiliary language,FALSE
Interslavic,"MedÅ¾uslovjansky, ĞœĞµĞ´Ğ¶ÑƒÑĞ»Ğ¾Ğ²Ñ˜Ğ°Ğ½ÑĞºÑ‹",Zonal auxiliary language for Slavs,FALSE
Inuinnaqtun,?,Official language in: Nunavut in Canada,FALSE
Inuit Sign Language,"Atgangmuurngniq, áŠá‘¦á’á–•á’¨á•á–•á“‚á–… or á†á’ƒá‘á•‹á…á“¯á–á‘¦",Spoken in: Nunavut in Canada,FALSE
Inuktitut,áƒá“„á’ƒá‘á‘á‘¦,Official language in: the Canadian provinces of the Northwest Territories and Nunavut ; the Nunavik area of the Canadian province of Quebec ; and the Canada-administrated/Inuit-claimed autonomous area of Nunatsiavut,FALSE
Inupiaq,IÃ±upiatun,Official language in: the American state of Alaska,FALSE
Irish,Gaeilge,"Official language in: Ireland; Recognised Minority Language in: Northern Ireland, United Kingdom",FALSE
Isthmus Nahuatl,Mela'tÃ¡jtol,Spoken in: the Mexican states of Tabasco and Veracruz,FALSE
Istro Romanian,IstroromÃ¥nÄƒ,"Recognised Minority Language in: Istria County , Italy , Sweden , Germany and North America and South America",FALSE
Italian,Italiano,"Official language in: the Croatian Istria County , Italy , San Marino , the Slovenian region of Slovenian Istria , Switzerland , and the Vatican City",FALSE
Ivatan,Chirin nu Ibatan,"Spoken in: Batanes, Philippines",FALSE
Japanese,"æ—¥æœ¬èª, æ—¥æœ¬èª",National language in: Japan,FALSE
Jarawa,AongÉ™Å‹,Official language in: Andaman and Nicobar Islands,FALSE
Javanese,ê¦§ê¦±ê¦—ê¦®,"Spoken in: the Indonesian islands of Borneo and Java, New Caledonia , and Suriname",FALSE
JÃ¨rriais,JÃ¨rriais,Spoken in: the British crown dependency of Jersey and the British royal fief of Sark,FALSE
Judaeo-Spanish,"×’Ö¿×•×“Ö¿×™××•-××™×¡×¤×× ×™×™×•×œâ€, Ladino",Spoken by: the Sephardim Jewish Diaspora,FALSE
Jutish,Jydsk,Spoken in: Denmark,FALSE
Kabardian,ĞĞ´Ñ‹Ğ³ÑĞ±Ğ·Ñ,"Eastern Circassian language. Official language in: the Russian autonomous republics of Kabardino-Balkaria and Karachay-Cherkessia; Spoken also in Turkey, Syria, Iraq, Germany, United States, Netherlands etc.",FALSE
Kabyle,Ø´Ø¦Ø¹Ù…,Spoken in: Algeria,FALSE
Kaingang,KanhgÃ¡g,Spoken in: Brazil,FALSE
Kaixana,Too few people for it to be written/typed (1 Person as of 2020),Spoken in: Brazil,FALSE
Kannada,à²•à²¨à³à²¨à²¡,Official language in: the Indian state of Karnataka,FALSE
Kanuri,Kanuri,"Spoken in: Cameroon , Chad , Niger , and Nigeria",FALSE
Kapampangan,Kapampangan,"Spoken in: Pampanga, Philippines",FALSE
Karakalpak,"ÒšĞ°Ñ€Ğ°Ò›Ğ°Ğ»Ğ¿Ğ°Ò› Ñ‚Ğ¸Ğ»Ğ¸, Qaraqalpaq tili",Official language in: the Uzbek autonomous republic of Karakalpakstan,FALSE
Karamojong,Å‹aKaramojoÅ‹ or Å‹aKarimojoÅ‹,"Spoken in: the Moroto District, Karamoja Sub-Region, Northern Region, Republic of Uganda",FALSE
Karelian,Karjalan Kieli,Recognised Minority Language in: Finland and the Russian autonomous republic of Karelia,FALSE
Kashmiri,"ÙƒÙ²Ø´ÙØ±, à¤•à¥‰à¤¶à¥à¤°, Káº¡Ì„Å¡ur, Koshur",Official language in: India,FALSE
Kashubian,KaszÃ«bsczi JÃ£zÃ«k,Official language in: Some communes in the Polish voivodeship of Pomerania,FALSE
Kayah Li,ê¤Šê¤¢ê¤›ê¤¢ê¤Ÿ ê¤œê¤¤,"Used in: the Kayah, Republic of the Union of Myanmar",FALSE
Kazakh,ÒšĞ°Ğ·Ğ°Ò› TÑ–Ğ»Ñ–,Official language in: Kazakhstan and the Russian autonomous republic of the Altai Republic,FALSE
Kelantanese Malay,Ø¨Ù‡Ø§Ø³ Ù…Ù„Ø§ÙŠÙˆ ÙƒÙ„Ù†ØªÙ† or Baso Kelate,Spoken in: the Malaysian state of Kelantan,FALSE
Kendeje,Kendeje,"Spoken in: OuaddaÃ¯ Region, Republic of Chad",FALSE
Ket,ĞÑÑ‚Ñ‹Ğ³Ğ°Ğ½Ğ½Ğ° Ó„Ğ°',Spoken in: the middle Yenisei basin in Krasnoyarsk Krai in Russia,FALSE
Khakas,Ğ¥Ğ°ĞºĞ°Ñ TÑ–Ğ»Ñ–,Spoken in: the Russian autonomous republic of Khakassia,FALSE
Khanty,Ñ…Ğ°Ğ½Ñ‚Ñ‹,"Spoken in: Khanty-Mansi , Yamalo-Nenets and Tomsk Oblast in Russia",FALSE
Khmer,á—á¶áŸá¶ááŸ’á˜áŸ‚áš,Official language in: Cambodia,FALSE
Khoekhoe,Khoekhoegowab,National Language in: Namibia,FALSE
Khowar,Ú©Ú¾ÙˆØ§Ø±,Official language in: Pakistan,FALSE
Kimki,?,Spoken in: Indonesia,FALSE
Kinyarwanda,Ikinyarwanda or Runyarwanda,Official language in: Rwanda,FALSE
Komi,ĞšĞ¾Ğ¼Ğ¸,"Official language in: Komi Republic , Russia",FALSE
Konkani,"à¤•à¥‹à¤‚à¤•à¤£à¥€, Konknni, à´•àµŠà´™àµà´•à´£à´¿, à²•à³Šà²‚à²•à²£à²¿",Official language in: the Indian state of Goa,FALSE
Korean,"ì¡°ì„ ë§, í•œêµ­ì–´","Official language in: North Korea , South Korea , and the Chinese autonomous prefecture of Yanbian",FALSE
Koryak,Ğ½Ñ‹Ğ¼Ñ‹Ğ»Ğ°Ğ½,"Spoken in: Chukotka , Russia",FALSE
Kosraean,Kosrae,Official language in: Kosrae in Micronesia,FALSE
Kuanua,Tinata Tuna,Spoken in: East New Britain Province in Papua New Guinea,FALSE
Kuliak,Rub,Spoken in: the Republic of Uganda,FALSE
Kulitan,,"Used in: Pampanga, Philippines",FALSE
Kumyk,ĞšÑŠÑƒĞ¼ÑƒĞºÑŠ TĞ¸Ğ»,Official language in: the Russian autonomous republic of Dagestan,FALSE
Kunama,?,Spoken in: Eritrea and Ethiopia,FALSE
Kurdish,"KurdÃ­, Ú©ÙˆØ±Ø¯ÛŒ, or Kâ€™Ã¶Ñ€Ğ´Ğ¸",Official language in: Iraq Turkey Iran Syria Armenia; Recognised Minority Language in: Germany,FALSE
Kurdish (Southern),"Ú©ÙˆØ±Ø¯ÛŒ Ø®ÙˆØ§Ø±ÛŒÙ†, KurdÃ®y XwarÃ®n",Spoken in: Iran and Iraq,FALSE
Kurmanji,"KurmancÃ®, Ú©ÙˆØ±Ù…Ø§Ù†Ø¬ÛŒ","Spoken in: Turkey, Iran, Iraq, and Syria",FALSE
Kutchi,Ú©Ú†Ú¾ÛŒ or àª•àªšà«àª›à«€,Spoken in: South Asia,FALSE
Kwadi,!Kwa/tse,"Formerly spoken in: Angola; (Kwadi is a ""click language"").",TRUE
Kwanyama,Oshikwanyama,Spoken in: Angola and Namibia,FALSE
Kyrgyz,ĞšÑ‹Ñ€Ğ³Ñ‹Ğ· Ñ‚Ğ¸Ğ»Ğ¸,Official language in: Kyrgyzstan and the Russian autonomous republic of the Altai Republic,FALSE
Laal,yÉ™w lÃ¡Ã :l,Spoken in: Chad,FALSE
Ladakhi,à½£à¼‹à½‘à¾­à½‚à½¦à¼‹à½¦à¾à½‘à¼,"Spoken in: China , India , and Pakistan",FALSE
Ladin,Ladin,Spoken in: Italy,FALSE
Lakha,à½£à¼‹à½à¼‹,Spoken in: Wangdue Phodrang and Trongsa,FALSE
Lakota,LakÈŸÃ³tiyapi,Spoken by: the Lakota people,FALSE
Lao,àºàº²àºªàº²àº¥àº²àº§,Official language in: Laos,FALSE
Latin,Lingua LatÄ«na,"Official language in the Vatican City; Formerly spoken in the Roman Republic, Roman Empire, and in legal court",FALSE
Latvian,latvieÅ¡u,Official language in: Latvia,FALSE
Laz,áƒšáƒáƒ–áƒ£áƒ áƒ˜ áƒœáƒ”áƒœáƒ,Spoken in: Georgia and Turkey,FALSE
Leonese,LlÃ¯onÃ©s,Official language in: the Spanish autonomous community of Castile and LeÃ³n,FALSE
Lepcha,á°›á°©á°µà¼‹á°›á°§á°¶á°µ,Official language in: the Indian state of Sikkim,FALSE
Limbu,á¤•á¤°á¤Œá¤¢á¤± á¤á¤ á¤´,Official language in: the Indian state of Sikkim,FALSE
Limburgish,LÃ¨mburgs,Official language in: the Netherlands,FALSE
Lingala,LingÃ¡la,Official language in: the Democratic Republic of the Congo and the Republic of the Congo,FALSE
Lisu,ê“¡ê“²-ê“¢ê“´ or ê“¡ê“²ê“¢ê“´,Official language in: the Chinese autonomous prefecture of Nujiang Lisu and the Chinese autonomous county of Weixi Lisu,FALSE
Lithuanian,LietuviÅ³,Official language in: Lithuania; Recognised Minority Language in: Poland,FALSE
Livonian,LÄ«vÃµ KÄ“Ä¼ or RÄndakÄ“Ä¼,Spoken in: Latvia,FALSE
Low German,PlattdÃ¼Ã¼tsch,"Spoken in: Denmark , Germany , and the Netherlands",FALSE
Low Prussian Dialect,NiederpreuÃŸisch,"Formerly spoken in: Prussia , now some scattered speakers in the Americas",FALSE
Luba-Kasai,Tshiluba,Spoken in: the Democratic Republic of the Congo,FALSE
Luganda,"Luganda, LÃ¹GÃ¡Ã nda, Oluganda",Spoken in: Uganda,FALSE
LuiseÃ±o,Cham'teela,"Spoken in: the southern area of the State of California, United States",FALSE
Luo,Kavirondo or Dholuo,Spoken in: Kenya and Tanzania,FALSE
Luri,Ù„Ø±ÛŒ or Lori,"Spoken in: Iran , Iraq , Kuwait , Oman , and the United Arab Emirates",FALSE
Luxembourgish,LÃ«tzebuergesch,Official language in: Luxembourg; Recognised Minority Language in: the Belgian community of the French Community of Belgium,FALSE
Maasai,É”l Maa,Spoken by: the Kenyan/Tanzanian Maasai people,FALSE
Macedonian,MĞ°ĞºĞµĞ´Ğ¾Ğ½ÑĞºĞ¸,"Official language in: North Macedonia; Recognised Minority Language in: Albania , Romania , and Serbia",FALSE
Madurese,Basa Mathura,Official language in: East Java in Indonesia,FALSE
Magahi,à¤®à¤—à¤¹à¥€,Spoken in: India and Nepal,FALSE
Magar,à¤®à¤—à¤° à¤­à¤¾à¤·à¤¾,Official language in: the Indian state of Sikkim,FALSE
Maguindanao,Maguindanao,"Spoken in: Maguindanao, Philippines",FALSE
Maithili,"à¤®à¥ˆà¤¥à¤¿à¤²à¥€, à¦®à§ˆà¦¥à¦¿à¦²à§€",Official language in: the Indian state of Bihar and Nepal,FALSE
Makassarese,"Basa Mangkasara', á¨…á¨” á¨†á¨€á¨”á¨‘",Spoken in: the southern tip of the Indonesian province of South Sulawesi,FALSE
Malagasy,Malagasy,Official language in: Madagascar,FALSE
Malay,Ø¨Ù‡Ø§Ø³ Ù…Ù„Ø§ÙŠÙˆ or Bahasa Melayu,"Official language in: Brunei , Indonesia , Malaysia , and Singapore",FALSE
Malayalam,à´®à´²à´¯à´¾à´³à´‚,Official language in: the Indian state of Kerala and the Indian territories of Lakshadweep and Puducherry,FALSE
Maltese,Malti,Official language in: Malta,FALSE
Manchu,á ®á  á ¨á µá¡  á¡¤á¡³á °á¡ á ¨,Spoken by: the Manchu people,FALSE
Mandarin,åœ‹èª,Spoken in: Most of China,FALSE
Mandombe,Mandombe,Used in: Western Africa,FALSE
Manx,Gaelg,Official language in: the Isle of Man,FALSE
MÄori,te Reo MÄori,Official language in: New Zealand,FALSE
MÄori English,MÄori English,Spoken in: New Zealand,FALSE
Marathi,à¤®à¤°à¤¾à¤ à¥€,Official language in: the Indian state of Maharashtra and the Indian territories of Daman and Diu and Dadra and Nagar Haveli,FALSE
Marshallese,"Ebon, Kajin MÌ§ajeÄ¼, Kajin MajÃµl",Official language in: the Marshall Islands,FALSE
Marwari,"à¤®à¤¾à¤°à¤µà¤¾à¤¡à¤¼à¥€, Ù…Ø§Ø±ÙˆØ§Ú‘ÛŒ",Spoken in: Rajasthan in India,FALSE
Masalit,kana masara,"Spoken in: Dar Masalit, Darfur, Republic of the Sudan",FALSE
Meadow Mari,Ğ¾Ğ»Ñ‹Ğº Ğ¼Ğ°Ñ€Ğ¸Ğ¹,"Official language in: Mari El , Russia",FALSE
MeÃ¤nkieli,MeÃ¤nkieli,Recognised Minority Language in: Kingdom of Sweden,FALSE
Meitei,"à¦®à¦¨à¦¿à¦ªà§à¦°à¦¿, à¦®à§ˆà¦¤à§ˆà¦²à§‹à¦²à§, à¦®à§ˆà¦¤à§ˆà¦²à§‹à¦¨à§, à¦®à§ˆà¦¥à§ˆ",Official language in: the Indian state of Manipur,FALSE
Miami-Illinois,Myaamia,Spoken in: the Illinois Confederation,FALSE
MichoacÃ¡n Nahuatl,PÃ³maro Nahuatl,Spoken in: Mexico,FALSE
Min,é–©èª or é—½è¯­,Spoken in: the southeastern area of China,FALSE
Min Bei,é—½åŒ—è¯­,Spoken in: the Chinese prefecture-level city of Nanping,FALSE
Min Dong,é–©æ±èª,Spoken in: the Chinese prefecture-level cities of Fuzhou and Ningde,FALSE
Min Nan,é–©å—èª or é—½å—è¯­,Spoken in: the southeastern area of China,FALSE
Min Zhong,é—½ä¸­è¯,Spoken in: the southeastern area of China,FALSE
Mon,á€˜á€¬á€á€¬ á€™á€”á€º,Spoken in: the Myanma delta of the Irrawaddy River,FALSE
MonÃ©gasque,Munegascu,Spoken in: Monaco,FALSE
Mongolian,"ĞœĞ¾Ğ½Ğ³Ğ¾Ğ» Ğ¥ÑĞ», á ®á £á ¨á ­á ­á £á ¯ á ¬á ¡á ¯á ¡",Official language in: the Chinese autonomous region of Inner Mongolia and Mongolia,FALSE
Montenegrin,"crnogorski, Ñ†Ñ€Ğ½Ğ¾Ğ³Ğ¾Ñ€ÑĞºĞ¸","Official language in: Montenegro; Recognised Minority Language in: Albania , Bosnia and Herzegovina , and the Serbian municipality of Mali IÄ‘oÅ¡ in the autonomous region of Vojvodina",FALSE
Mor,? Spoken,in: Indonesia,FALSE
Muscogee Creek,"Mvskoke, MvskokÄ“","Spoken in: the American states of Alabama , Florida , Georgia , and Oklahoma",FALSE
Musgu,Mulwi,Spoken in: Cameroon and Chad,FALSE
Muskum,Muzuk,Formerly spoken in: Chad,TRUE
Mussau-Emira,Mussau-Emira,Spoken in: Mussau Island of St Matthias Islands and Emira Island part of Papua New Guinea,FALSE
N'Ko,ß’ßß,Used in: Guinea and Ivory Coast,FALSE
Nagumi,Gong or Ngong,Formerly spoken in: Cameroon,TRUE
Nahuatl,"MÄsÄ“wallahtÅlli, Mexicano, or NÄhuatlahtÅlli",Official language in: Mexico,FALSE
Naukan Yupik,?,"Spoken in: Chukotka Autonomous Okrug , Russia",FALSE
Navajo,DinÃ© bizaad,Spoken on the Navajo Nation,FALSE
Ndyuka,,Spoken in: French Guiana and Suriname,FALSE
Nepal Bhasa,à¤¨à¥‡à¤ªà¤¾à¤² à¤­à¤¾à¤·à¤¾,Official language in: the Indian state of Sikkim and Nepal,FALSE
Nepali,à¤¨à¥‡à¤ªà¤¾à¤²à¥€,"Official language in: the Indian district of the Darjeeling district , the Indian state of Sikkim , and Nepal",FALSE
New Zealand Sign Language,Sign Language,Official language in: New Zealand,FALSE
Ngbee,Lingbee,Formerly spoken in: the Democratic Republic of the Congo,TRUE
Nihali,?,Spoken in: Madhya Pradesh and Maharashtra in India,FALSE
Ningbo,å¯§æ³¢é–’è©±,Spoken in: the Chinese sub-provincial division of Ningbo,FALSE
Northern Thai,á¨£á©´á©¤á¨¾á©®á©¥á©¬á¨¦,"Spoken in: the northern area of Thailand , and some other parts of Southeast Asia",FALSE
Norwegian,Norsk,Official language in: Norway,FALSE
Nuosu/Yi,ê†ˆêŒ ê’¿,Spoken in: China,FALSE
Nyangia,Nyang'i,Spoken in: the Republic of Uganda,FALSE
Occitan,Occitan,Official language in: the Spanish comarca of Val d'Aran,FALSE
Odia,à¬“à¬¡à¬¼à¬¿à¬†,Official language in: the Indian states of Jharkhand and Odisha,FALSE
Oirat,á¡†á¡•á¡…á ·á  á¡‘ á¡˜á¡„á ¯á¡„á ¨,Spoken in: Russia Mongolia and China,FALSE
Oirata,?,Spoken in: Indonesia,FALSE
Ojibwe,áŠá“‚á”‘á“ˆá¯á’§áá“,Spoken by: the Ojibwe people,FALSE
Okinawan Japanese,ã‚¦ãƒãƒŠãƒ¼ãƒ¤ãƒãƒˆã‚¥ã‚°ãƒ,Recognised Regional Language in: Japan,FALSE
Old Church Slavonic,"Ğ¡Ğ»Ğ¾Ğ²Ñ£ÌĞ½ÑŒÑĞºÑŠ Ñ¨Ğ·ê™‘ÌĞºÑŠ, â°”â°â°€â°‚â°‘â°â°Šâ°",Formerly spoken in: Eastern Europe,TRUE
Old English,"Anglisc, Ã†nglisc, Englisc, or áš«á›á›šá›á›‹áš»",Formerly spoken in: Scotland and Wales,TRUE
Omotik,Laamoot,"Formerly spoken in: Great Rift Valley, Kenya",TRUE
Onge,Ã–Ã±ge,Spoken in: Andaman and Nicobar Islands,FALSE
Ontong Java,Luangiua,"Spoken in: Ontong Java Atoll, Solomon Islands",FALSE
Oroch,ĞÑ€Ğ¾Ñ‡Ğ¸ ĞºÑÑÑĞ½Ğ¸,"Spoken in: Khabarovsk Krai , Russia",FALSE
Orok,ÑƒĞ»ÑŒÑ‚Ğ°,"Spoken in: Sakhalin Oblast , Russia",FALSE
Oromo,Afaan Oromoo,Official language in: Oromia in Ethiopia; Recognised Minority Language in: Kenya,FALSE
Osmanya,ğ’‹ğ’˜ğ’ˆğ’‘ğ’›ğ’’ğ’•ğ’€,Used in: the Federal Republic of Somalia,FALSE
Ossetian,"Ğ¸Ñ€Ğ¾Ğ½Ğ°Ñƒ, Ğ¸Ñ€Ğ¾Ğ½ Ó•Ğ²Ğ·Ğ°Ğ³",Spoken in North Ossetia and South Ossetia,FALSE
Pahari,à¤ªà¤¹à¤¾à¤¡à¤¼à¥€,"Spoken in: the Indian states of Himachal Pradesh, Jammu and Kashmir , Punjab, Sikkim , Uttarakhand, and West Bengal; Nepal , the Pakistani state of Azad Kashmir , and Greater Tibet",FALSE
Palula,Ù¾Ø§Ù„ÙˆÙ„Û,Spoken in: the Pakistani district of the Chitral District,FALSE
Pandan Bikol,Pandanon,"Spoken in: Catanduanes, Philippines",FALSE
Pangasinan,Pangasinan,"Spoken in: Pangasinan, Philippines",FALSE
Paratio,?,Spoken in: Brazil,TRUE
Parya,ĞŸĞ°Ñ€ÑŒÑ,"Spoken in: Afghanistan , Tajikistan and Uzbekistan",FALSE
Pashto,Ù¾ÚšØªÙˆ,Official language in: Afghanistan; Recognised Minority Language in: Pakistan,FALSE
Pattani Malay,"Ø¨Ù‡Ø§Ø³ Ø¬Ø§ÙˆÙŠ, Bahasa Jawi, or à¸ à¸²à¸©à¸²à¸¢à¸²à¸§à¸µ","Spoken in: the Thai provinces of Narathiwat, Pattani, Songkhla, and Yala",FALSE
Persian,ÙØ§Ø±Ø³ÛŒ,"Official language in: Afghanistan , Iran , and Tajikistan",FALSE
Phoenician,ğ¤ƒğ¤ğ¤“ğ¤‰ğ¤Œ ğ¤Šğ¤ğ¤ğ¤ğ¤‰ğ¤Œ,Formerly spoken in: the Near East,TRUE
Pidgin,?,"Spoken in: Nigeria, Ghana, Cameroon, Equatorial Guinea",FALSE
Piman,Tepiman,"Spoken in: the State of Arizona, United States and the Free and Sovereign State of Durango, United Mexican States",FALSE
Pipil,NÃ¡huat or Nawat,Spoken in: the Salvadoran cities of San Salvador and Sonsonate; and the Salvadoran department of La Libertad,FALSE
PirahÃ£,xapaitÃ­iso,Spoken in: the Brazilian state of Amazonas .,FALSE
Pitjantjatjara,Pitjantjatjara,Spoken in: the northwestern area of the Australian state of South Australia,FALSE
Plautdietsch,Plautdietsch,"Spoken in: Eastern Europe, with some scattered speakers in the Americas",FALSE
Polish,"JÄ™zyk polski, polski, or polszczyzna","Official language in: Poland; Recognised Minority Language in: the Czech Republic , Romania , Slovakia , and Ukraine",FALSE
Portuguese,PortuguÃªs,"Official language in: Angola , Brazil , Cape Verde , East Timor , Equatorial Guinea , Guinea-Bissau , Macau , Mozambique , Portugal , and SÃ£o TomÃ© and PrÃ­ncipe",FALSE
Pothohari,Ù¾ÙˆÙ¹Ú¾ÙˆÙ‡Ø§Ø±ÛŒ or Ù¾ÙˆÙ¹Ú¾ÙˆØ§Ø±ÛŒ,Spoken in: the Pakistani state of Azad Kashmir,FALSE
Pu-Xian Min,èˆˆåŒ–è©± or è†ä»™è©±,"Spoken in: the Chinese county of Xianyou and the Chinese prefecture-level cities of Fuzhou, Putian, and Quanzhou",FALSE
Punjabi,"à¤ªà¤‚à¤œà¤¾à¤¬à¥€, à¨ªà©°à¨œà¨¾à¨¬à©€, or Ù¾Ù†Ø¬Ø§Ø¨ÛŒ","Official language in: the Indian federal district of Delhi ; and the Indian states of Haryana, Himachal Pradesh, Punjab, and West Bengal; Recognised Minority Language in: the Pakistani province of Punjab",FALSE
Quanzhou,æ³‰å·è©±,Spoken in: the southern area of the Chinese province of Fujian,FALSE
Quechuan,Runasimi,"Spoken by: the Quechuan people in Argentina , Bolivia , Colombia , Ecuador , and Peru; Quinqui; Spoken in: Spain",FALSE
Raga,Hano,"Spoken in: the Pentecost Island, Republic of Vanuatu",FALSE
Rajasthani,à¤°à¤¾à¤œà¤¸à¥à¤¥à¤¾à¤¨à¥€,Spoken in: the Indian state of Rajasthan,FALSE
Ramanos,?,Formerly spoken in: Bolivia,TRUE
Rinconada,Rinconada,"Spoken in: Camarines Sur, Philippines",FALSE
Rohingya,Rohingya,Official language in: the Rakhine State,FALSE
Romani,Romani Ä†hib,Spoken by: the Romani people ; recognised as a minority language in Sweden,FALSE
Romanian,RomÃ¢nÄƒ,"Official language in: Moldova , Romania , Pridnestrovian Moldavian Republic , and the Serbian autonomous province of Vojvodina; Recognised Minority Language in: Hungary , Italy , Serbia , Spain , and Ukraine",FALSE
Romansh,Rumantsch,Official language in: Switzerland,FALSE
Rotokas,Rotokas,Spoken in: Bougainville part of Papua New Guinea,FALSE
Runic,áš±áš¢áš¾á›Ÿ,Formerly Used by: 2nd Century Germanics,TRUE
Russian,Ğ ÑƒÑÑĞºĞ¸Ğ¹,Official language in: 10 Countries and 4 Organizations; Recognised Minority Language in: 7 Countries,FALSE
Rusyn,"Ğ ÑƒÑĞ¸Ğ½ÑŒÑĞºĞ¸Ğ¹ Ğ¯Ğ·Ñ‹Ğº, Ğ ÑƒÑĞ¸Ğ½ÑŒÑĞºĞ° Ğ‘ĞµÑÑ—Ğ´Ğ°","Official language in: The Serbian autonomous province of Vojvodina; Recognised Minority Language in: Croatia , Poland , Romania , Serbia , and Slovakia",FALSE
Ruthenian,Ğ ÑƒÑĞºĞ¸Ğ¹ Ğ¯Ğ·Ñ‹ĞºÑŠ,Formerly spoken in: the Polish-Lithuanian Commonwealth and the Grand Duchy of Lithuania,TRUE
Sadri,"à¤¸à¤¾à¤¦à¤°à¥€ (à¤¨à¤¾à¤—à¤ªà¥à¤°à¥€), à¬¸à¬¾à¬¦à­à¬°à­€, à¦¸à¦¾à¦¦à¦°à¦¿",Official language in: India,FALSE
Sami (Inari),anarÃ¢Å¡kielÃ¢,Recognised as a minority language in Finland,FALSE
Sami (Kildin),ĞšÓ£Ğ»Ğ»Ñ‚ ÑĞ°Ì„Ğ¼ÑŒ ĞºÓ£Ğ»Ğ»,Recognised as a minority language in Russia,FALSE
Sami (Lule),julevsÃ¡megiella,"Recognised as a minority language in Norway, Sweden",FALSE
Sami (Northern),davvisÃ¡megiella,"Recognised as a minority language in Finland, Norway, Sweden",FALSE
Sami (Pite),bidumsÃ¡megiella,"Recognised as a minority language in Norway, Sweden",FALSE
Sami (Skolt),"sÃ¤Ã¤Ê¹mÇ©iÃµll, nuÃµrttsÃ¤Ã¤Ê¹mÇ©iÃµll","Recognised as a minority language in Russia, and formerly spoken in Norway",FALSE
Sami (Southern),Ã¥arjelsaemien gÃ¯ele,Recognised as a minority language in Norway,FALSE
SÃ¡mi (Ter),"Ğ¡Ğ°Ì„Ğ¼ÑŒĞºÓ£Ğ»Ğ», saaÂ´mekiil",A moribund language spoken in Russia,FALSE
Sami (Ume),ubmejensÃ¡mien giella,"Recognised as a minority language in Sweden, and formerly in Norway",FALSE
Samoan,Gagana SÄmoa,Official language in: American Samoa and Samoa,FALSE
Sanskrit,"à¤¸à¤‚à¤¸à¥à¤•à¥ƒà¤¤à¤®à¥, à¤¸à¤‚à¤¸à¥à¤•à¥ƒà¤¤à¤¾ à¤µà¤¾à¤•à¥",Official language in: India,FALSE
Sapudi,BhÃ¢sa Sapudi,"Spoken in: Sapudi Island, Indonesia",FALSE
Saraiki,"Ø³Ø±Ø§Ø¦ÛŒÚ©ÛŒ, à¨¸à¨°à¨¾à¨‡à¨•à©€, à¤¸à¤°à¤¾à¤‡à¤•à¥€",Spoken in: the Pakistani province of Bahawalpur South Punjab,FALSE
Sardinian,Sardu,Official language in: the Italian autonomous region of Sardinia; Recognised Minority Language in: Italy,FALSE
Sasak,á¬ªá¬µá¬²á¬µá¬²á¬“á­„á¬±á¬“á­„,"Spoken in: West Nusa Tenggara , Indonesia",FALSE
Saurashtra,ê¢±ê£ƒê¢¬ê¢µê¢°ê£„ê¢œê£„ê¢¬ê¢µ,"Spoken in: the Indian states of Andhra Pradesh, Gujarat, Karnataka, Kerala, Maharashtra, and Tamil Nadu",FALSE
Scots,"Scots, Scottis, Scots leid, Lallans",Recognised Minority Language in: Northern Ireland and Scotland,FALSE
Scottish Gaelic,GÃ idhlig,Recognised Minority Language in: Scotland,FALSE
Serbian,"Ğ¡Ñ€Ğ¿ÑĞºĞ¸, Srpski","Official language in: Bosnia and Herzegovina and Serbia; Recognised Minority Language in: Croatia , the Czech Republic , Hungary , Montenegro , North Macedonia , Romania and Slovakia",FALSE
Serbo-Croatian,"srpskohrvatski/ÑÑ€Ğ¿ÑĞºĞ¾Ñ…Ñ€Ğ²Ğ°Ñ‚ÑĞºĞ¸, also hrvatskosrpski/Ñ…Ñ€Ğ²Ğ°Ñ‚ÑĞºĞ¾ÑÑ€Ğ¿ÑĞºĞ¸","Official language in: Bosnia and Herzegovina , Croatia , Montenegro Serbia; Recognised Minority Language in: Austria , Czech Republic , Hungary , Italy , North Macedonia , Romania and Slovakia",FALSE
Serer,"Seereer, Seereer-Siin",Spoken in: the Republic of the Gambia and the Republic of Senegal,FALSE
Seroa,"ÇƒGÃ£Çƒne, ÇKuÇe","Formerly spoken in: Lesotho and South Africa; (Seroa is a ""click language"".)",TRUE
Shan,á€œá€­áµá€ºá‚ˆá€á‚†á€¸,Spoken in: the Myanmar states of the Kachin State and the Shan State and by the Shan people,FALSE
Shanghaiese,ä¸Šæµ·é—²è¯,Spoken in: the Chinese municipality of Shanghai,FALSE
Shavian,ğ‘–ğ‘±ğ‘ğ‘¾ğ‘¯,Invented by Ronald Kingsley Read as an alternative phonetic alphabet to the English language.,FALSE
Sherpa language,"à¤¶à¥‡à¤°à¥à¤ªà¤¾, à½¤à½ºà½¢à¼‹à½”à½±à¼",Official language in: the Indian state of Sikkim,FALSE
Shona,Shona,Official language in: Zimbabwe,FALSE
Sicilian,Sicilianu,"Spoken in: the Italian region of Apulia , Calabria , Campania ; the Italian comune of Leece ; Malta ; and the Italian autonomous region of Sicily",FALSE
Siddhaá¹ƒ,ğ‘–­ğ‘–°ğ‘–Ÿğ‘–¿ğ‘– ğ‘–½,"Used in: Central Asia, Japan",FALSE
Sikkimese,à½ à½–à¾²à½¦à¼‹à½£à¾—à½¼à½„à½¦à¼‹,Official language in: the Indian state of Sikkim,FALSE
Sindhi,Ø³Ù†ÚŒÙŠ,Official language in: India and the Pakistani province of Sindh,FALSE
Sinhala,à·ƒà·’à¶‚à·„à¶½,Official language in: Sri Lanka,FALSE
Slovak,SlovenÄina,"Official language in: Slovakia , and the Serbian autonomous province of Vojvodina; Recognised Minority Language in: the Czech Republic , Hungary and Ukraine",FALSE
Slovene,SlovenÅ¡Äina,"Official language in: Slovenia; Recognised Minority Language in: Austria , Hungary , and Italy",FALSE
Somali,"Ø§Ù„Ù„ØºØ© Ø§Ù„ØµÙˆÙ…Ø§Ù„ÙŠØ©, Af-Soomaali",Official language in: Somalia; Recognised Minority Language in: Djibouti and Ethiopia,FALSE
Sorani,"Ø³Û†Ø±Ø§Ù†ÛŒ, SoranÃ®",Spoken in: Iran and Iraq,FALSE
Sotho,Sesotho,"Official language in: Lesotho and South Africa; Southern Quechua; Spoken in: Bolivia , Peru , Chile and Argentina",FALSE
Spanish,EspaÃ±ol,"Official language in: 21 countries, 6 dependant entities, and 23 international organisations",FALSE
Stellingwarfs,Stellingwerfs,Spoken in: the Netherlands,FALSE
Sumerian,ğ’…´ğ’‚  (EME.GÌƒIR15),Was spoken in: Southern Iraq and Southeastern Iran; Official language in: the India,TRUE
Sundanese,á®˜á® á®á®¥á®”á®ªá®“,Official language in: the Indonesian province of West Java,FALSE
Surajpuri,"à¤¸à¥à¤°à¤œà¤¾à¤ªà¥à¤°à¥€, à¦¸à§à¦°à¦œà¦¾à¦ªà§à¦°à§€",Official language in: India,FALSE
Susuami,?,"Spoken in: Morobe Province , Papua New Guinea",FALSE
Swahili,Kiswahili,"Official language in: Kenya , Tanzania , and Uganda",FALSE
Swedish,Svenska,Official language in: Finland and Sweden,FALSE
Swiss German,SchwyzerdÃ¼tsch,"Spoken in: the Austrian state of Vorarlberg , the Italian regions of the Aosta Valley and Piedmont , Liechtenstein , and Switzerland",FALSE
Sylheti,"à¦›à¦¿à¦²à¦Ÿà§€, à¦¸à¦¿à¦²à§‡à¦Ÿà§€",Spoken in: the Bangladeshi division of Greater Sylhet ; the Indian state of Assam's Barak Valley ; and the Indian state of Tripura,FALSE
Taa,ÇƒXÃ³Ãµ,"Spoken in: Ghanzi , Kgalagadi , Kweneng , Southern Districts and Hardap",FALSE
Tagalog,"áœáœ’áœƒáœ…áœ” áœ†áœ„áœáœ“áœ„áœ”, Wikang Tagalog",Official language in: the Philippines,FALSE
Tagbanwa,á¦áªá¨á¯,"Used in: Palawan, Philippines",FALSE
Tahitian,"Reo MÄ'ohi, Reo Tahiti",Spoken in: the French Polynesian area of the Society Islands,FALSE
Tai Dam,êªºêª•êª’êª¾,"Spoken in: the Chinese county of the Jinping Miao, Yao, and Dai Autonomous County",FALSE
Tai KhÃ¼n,à¹„à¸—à¹€à¸‚à¸´à¸™,"Spoken in: Shan State, Republic of the Union of Myanmar and the Kingdom of Thailand",FALSE
Tai LÃ¼,á¦‘á¦ºá¦Ÿá¦¹á§‰,"Spoken in: Yunnan Province, People's Republic of China",FALSE
Tai NÃ¼a,á¥–á¥­á¥°á¥–á¥¬á¥³á¥‘á¥¨á¥’á¥°,"Official language in: the Dehong Dai and Jingpo Autonomous Prefecture, People's Republic of China",FALSE
Tai Tham,á¨²á© á©…á©«á¨¾á©®á©¬á©¥á¨¦,Used in: Southeast Asia,FALSE
Tajik,Ğ¢Ğ¾Ò·Ğ¸ĞºÓ£,Official language in: the Tajikistan,FALSE
Tamang,à¤¤à¤¾à¤®à¤¾à¤™,"Official language in: Sikkim, Republic of India and the Federal Democratic Republic of Nepal",FALSE
Tamil,à®¤à®®à®¿à®´à¯,"Official language in: the Indian states of Tamil Nadu, union territories of Pondicherry and Andaman and Nicobar Islands, Sri Lanka , Republic of Singapore; Recognised Minority Language in: Malaysia",FALSE
Tangut,".mw-parser-output .Tangut{font-family:""Tangut Yinchuan"",""Tangut N4694"",""New Tangut"",""New Tangut Std"",""Tangut TWU"",""TH-Tshyn-P1"",""TH-Feon-B"",""Noto Serif Tangut""}ğ—¼‡ğ—Ÿ²",Formerly the Official language in: the Tangut Empire (Western Xia),TRUE
Tatar,"ØªØ§ØªØ§Ø±Ú†Ø§, TatarÃ§a, TĞ°Ñ‚Ğ°Ñ€Ñ‡Ğ°","Official language in: the Republic of Tatarstan, Russian Federation",FALSE
Tausug,Bahasa SÅ«g,"Spoken in: Sulu, Philippines",FALSE
Telugu,à°¤à±†à°²à±à°—à±,Official language in: the Indian states of Andhra Pradesh and Telangana and town of Yanam,FALSE
Teochew,æ½®å·è©±,Spoken by: the Chinese Teochew people,FALSE
Tepes,Soo,Spoken in: the Republic of Uganda,FALSE
Terengganu,Ccakak Tranung,Spoken in: Terengganu,FALSE
Teribe,"Naso, NorteÃ±o, Quequexque, Teribe, Tiribi, or TÃ©rraba","Spoken in: the Costa Rican provinces of LimÃ³n and Puntarenas , and the Panamanian provinces of Bocas del Toro and ChiriquÃ­",FALSE
Tetum,Lia-Tetun,"Official language in: the Democratic Republic of Timor-Leste; Recognised Minority Language in: East Nusa Tenggara, Republic of Indonesia",FALSE
Thai,à¸ à¸²à¸©à¸²à¹„à¸—à¸¢,Official language in: the Kingdom of Thailand,FALSE
Tibetan,à½‘à½–à½´à½¦à¼‹à½¦à¾à½‘à¼‹,"Official language in: the Tibet Autonomous Region, People's Republic of China and Upper Mustang, Federal Democratic Republic of Nepal",FALSE
Tigrinya,á‰µáŒáˆ­áŠ›,Official language in: the State of Eritrea and the Federal Democratic Republic of Ethiopia,FALSE
Tobagonian Creole,?,Spoken in: Tobago part of Trinidad and Tobago,FALSE
Tofa,Ğ¢Ğ¾ÑŠÑ„Ğ° Ğ´Ñ‹Ğ»,"Spoken in: Irkutsk Oblast , Russia",FALSE
Tok Pisin,Tok Pisin,Official language in: the Independent State of Papua New Guinea,FALSE
Tongan,Lea faka-Tonga,Official language in: the Kingdom of Tonga,FALSE
Tongva,Gabrielino,"Formerly spoken in: the City of Los Angeles , United States",TRUE
Trinidadian Creole,?,Spoken in: Trinidad in Trinidad and Tobago,FALSE
Tsez,"Ğ¦ĞµĞ· ĞœĞµÑ†, Ğ¦ĞµĞ·ÑÑ ĞœĞµÑ†","Spoken in: the Republic of Dagestan, Russian Federation",FALSE
Tswana,Setswana,"Official language in: the Republic of Botswana , the Republic of South Africa , and the Republic of Zimbabwe",FALSE
Tuareg,"Tamahaq, Tamajaq, Tamasheq, or âµœâ´°âµâ´°âµŒâ´°âµ†",Recognised Minority Language in: the Republic of Mali and the Republic of Niger,FALSE
TÃ¼batulabal,PakaËnil,Spoken in: California,FALSE
Tulu,"à²¤à³à²³à³ à²¬à²¾à²¸à³†, à´¤àµà´³àµ à´¬à´¾à´¸àµ†, or","Spoken in: the Indian states of Karnataka, Kerala, and Maharashtra",FALSE
Tumpoon,?,Spoken in: Cambodia,FALSE
Tunica,Luhchi Yoroni,"Spoken in: the Louisiana, United States of America",FALSE
Tunisian Arabic,ØªÙˆÙ†Ø³ÙŠ,Spoken in: Tunisia,FALSE
Turkish,TÃ¼rkÃ§e,"Official language in: Turkey , Northern Cyprus And Cyprus; Spoken in: the Bosnia And Herzegovina . Greece . Iraq . Kosovo . North Macedonia . Romania . Bulgaria . Syria . Netherlands . Belgium . Germany",FALSE
Turkmen,TÃ¼rkmenÃ§e or TÃ¼rkmen dili,Official language in: Turkmenistan; Recognised Minority Language in: Afghanistan,FALSE
Tuvan,Ñ‚Ñ‹Ğ²Ğ° Ğ´Ñ‹Ğ»,Spoken in: Tuva,FALSE
Ubykh,twaxÉ™bza,Formerly spoken in: Turkey,TRUE
Uduk,Tw'ampa or T'wampa,Spoken in: the Federal Democratic Republic of South Sudan and the Republic of the Sudan,FALSE
Ukrainian,Ğ£ĞºÑ€Ğ°Ñ—Ğ½ÑÑŒĞºĞ°,"Official language in: the Pridnestrovian Moldavian Republic and Ukraine; Recognised Minority Language in: Bosnia and Herzegovina , the Republic of Croatia , the Czech Republic , Hungary , the Republic of Moldova , the Republic of Poland , Romania , the Republic of Serbia , and the Slovak Republic",FALSE
Upper Sorbian,Hornjoserbsce,Spoken in: the State of Saxony in Germany,FALSE
Urdu,Ø§ÙØ±Ø¯ÙÙˆ,"Official language in: the Islamic Republic of Pakistan and the Indian states of Bihar, Delhi, Jammu and Kashmir , Uttar Pradesh, Jharkhand, West Bengal, and Telangana",FALSE
Uspanteco,uspantek,Spoken in: Guatemala,FALSE
Uyghur,Ø¦Û‡ÙŠØºÛ‡Ø± ØªÙ‰Ù„Ù‰,Official language in: the Chinese autonomous region of Xinjiang and Recognised Minority Language of Kazakhstan,FALSE
Uzbek,"Ø§ÙˆØ²Ø¨ÛŒÚ©, ĞĞ·Ğ±ĞµĞº, OÊ»zbek",Official language in: the Republic of Uzbekistan,FALSE
Vaagri Booli,à®ƒà®…à®•à¯à®•à®¿à®ªà®¿à®•à¯à®•à®¿,"Spoken in: Tamil Nadu , Andhra Pradesh , Puducherry , Karnataka, , Maharashtra , and all in India",FALSE
Vai,ê•™ê”¤,Spoken in: Liberia and Sierra Leone,FALSE
Valencian,ValenciÃ ,Official language in: the Spanish autonomous community of Valencia,FALSE
Vedda,?,Spoken in: Uva Province of Sri Lanka,FALSE
Venda,Tshivená¸“a,Official language in: the Republic of South Africa and the Republic of Zimbabwe,FALSE
Venetian,VÃ¨neto,Official language in: the Italian region of Veneto,FALSE
Vietnamese,Tiáº¿ng Viá»‡t Nam,Official language in: the Socialist Republic of Vietnam; Recognised Minority Language in: the Czech Republic,FALSE
Vincentian Creole,Naygar (meaning people not Vincentian Creole),Spoken in: Saint Vincent and the Grenadines,FALSE
Vlax Romani,Å™omani Ähib,Generally spoken in: Southeastern Europe,FALSE
VolapÃ¼k,VolapÃ¼k,International language invented by Johann Martin Schleyer,FALSE
VÃµro,VÃµro Kiil,Spoken in: Southern Estonia,FALSE
Votic,Vaddja,Spoken in: Ingria in Russia,FALSE
Walloon,Walon,Spoken in: the Belgian region of Wallonia,FALSE
Warlpiri,Warlpiri,Spoken in: the Australian Northern Territory,FALSE
Welsh,Cymraeg,Official language in: the British country of Wales; Recognised Minority Language in: the Argentine Republic and the United Kingdom,FALSE
West Frisian,Frysk,Official language in: the Dutch province of Friesland,FALSE
Western Itelmen,Ğ¸Ñ‚ÑĞ½Ğ¼ÑĞ½,Spoken in: Kamchatka Krai in Russia,FALSE
Wintu,wintÊ°uËh,Spoken in: California,FALSE
Wolof,Wolof,"Spoken in: the Republic of the Gambia , the Islamic Republic of Mauritania , and the Republic of Senegal",FALSE
Wu,å´æ–¹è¨€,"Spoken in: the southern region of the Chinese province of Jiangsu, the entire province of Zhejiang, and the municipality of Shanghai",FALSE
Xaracuu,"Kanala, XÃ¢rÃ¢cÃ¹Ã¹",Spoken in: the French special collectivity of New Caledonia,FALSE
Xhosa,isiXhosa,Official language in: the Republic of South Africa and the Republic of Zimbabwe,FALSE
Xiang,æ¹˜è¯­,Spoken in: the northern region of the Chinese province of Guangxi and the central and southwestern regions of the province of Hunan,FALSE
Xibe,á °á¡á ªá¡á¡¤á¡á °á¡ á ¨,Spoken in: the Chinese autonomous region of Xinjiang,FALSE
XiriÃ¢na,Bahwana,Formerly spoken in: Brazil,TRUE
Xucuru,?,Formerly spoken in: Brazil,TRUE
Yakut,Ğ¡Ğ°Ñ…Ğ° Ñ‚Ñ‹Ğ»Ğ°,Official language in: Yakutia or Sakha in Russia,FALSE
Yanesha',YaneÅ¡aÄÌ£,Spoken in: the Peruvian department of Pasco,FALSE
Yapese,Yapese,Spoken in: the Micronesian island of Yap,FALSE
Yiddish,×™×™Ö´×“×™×© ×™×™Ö´×“×™×©â€,"Official language in: the Russian Jewish Autonomous Oblast; Recognised as a minority language in Bosnia and Herzegovina , the State of Israel , the Netherlands , the Republic of Poland , Romania , the Kingdom of Sweden , and Ukraine",FALSE
Yoruba,ÃˆdÃ¨ YorÃ¹bÃ¡,Official language in: the Federal Republic of Nigeria,FALSE
Yuchi,Tsoyaha,Spoken in: Oklahoma,FALSE
Yue,"ç²µèª, ç²¤è¯­, å»£æ±è©±, or å¹¿ä¸œè¯",Spoken in: the Chinese province of Guangdong and the autonomous region of Guangxi,FALSE
Zaghawa,Beria,Spoken in: Sudan and Chad,FALSE
Zaza,Zazaki,"Spoken in: Tunceli , BingÃ¶l and parts of ElazÄ±ÄŸ , Erzincan and DiyarbakÄ±r",FALSE
Zulu,isiZulu,Official language in: the Republic of South Africa,FALSE
Zuni,Shiwiâ€™ma,Spoken in: New Mexico and Arizona in the United States,FALSE
Zuojiang Zhuang,è©±åƒ®,Spoken in: the Chinese autonomous region of Guangxi,FALSE
Zyphe Chin,?,Spoken in: Chin State and India,FALSE
Ç‚Akhoe,Ç‚Akhoe HaiÇom,"Spoken in: Angola , Botswana , Namibia , and South Africa",FALSE
